GradCAM,DAAS
0.4839305579662323,0.9906630516052246
0.23328076303005219,0.9942674040794373
0.5664750933647156,0.9985041618347168
0.5569255948066711,0.9830064177513123
0.45874932408332825,0.9765107035636902
0.6033329367637634,0.987903356552124
0.41742944717407227,0.9901792407035828
0.24567818641662598,0.9896108508110046
