k,mean_acc,std_acc
1,55.06006062030792,2.7450943421231933
5,72.62311547994614,1.4064607349748812
10,73.97989898920059,1.185291035132033
